Time,Dataset,Model,Seed,Epochs,Acc_Mean,Acc_Std,AUC_Mean,AUC_Std,F1_Mean,F1_Std,Kappa_Mean,Kappa_Std
2026-01-12 21:00:43,read,SPaRCNet,114514,50,0.5800828814506531,0.0294541450388383,0.6133567929267884,0.023096351820341175,0.5749126434326172,0.03309063384862727,0.16013246774673462,0.03600906508924697
2026-01-12 21:02:19,read,SPaRCNet,0,50,0.5707691490650177,0.046350972208377694,0.6219057083129883,0.025241584600675458,0.5576349079608918,0.07234006756739789,0.15769062340259551,0.0560783305833088
2026-01-12 21:03:39,read,SPaRCNet,1,50,0.5998476147651672,0.02784631810363473,0.6268994331359863,0.04147275514666606,0.589738643169403,0.028685983470453567,0.17953963428735734,0.050760791323874364
2026-01-12 21:03:39,read,SPaRCNet,3407,50,0.5999521493911744,0.019686685039940758,0.6267261505126953,0.022688555877950278,0.5959826111793518,0.021181610787222648,0.1868102639913559,0.042112064042094687
2026-01-12 21:06:34,read,SPaRCNet,42,50,0.6038635969161987,0.010413260619078782,0.6325318813323975,0.01272169938284359,0.5982460618019104,0.007753490308808969,0.1884264051914215,0.016593591486764956
2026-01-12 21:12:34,read,ContraWR,42,50,0.6162125945091248,0.03637312950935315,0.6714521288871765,0.021942471710513972,0.584819620847702,0.0794658366792055,0.20372693985700607,0.09556735927693959
2026-01-12 21:14:00,read,ContraWR,1,50,0.617579984664917,0.024142016239622994,0.674246346950531,0.012560391162990152,0.593220841884613,0.034017210204223845,0.22089377343654631,0.036359130303717194
2026-01-12 21:14:04,read,ContraWR,0,50,0.6001798391342164,0.031476832327675626,0.6721009135246276,0.03539409537239904,0.5782391190528869,0.020815671112549193,0.19168102145195007,0.02500548693408887
2026-01-12 21:14:21,read,ContraWR,3407,50,0.6276141405105591,0.02386091992893032,0.6795644998550415,0.013773904001398902,0.620531964302063,0.02510889862340473,0.253919979929924,0.025053400195711503
2026-01-12 21:14:39,read,ContraWR,114514,50,0.6377252817153931,0.025816193692333636,0.67289799451828,0.0326530561930308,0.630220890045166,0.02230938719539102,0.25521008372306825,0.03558275661764237
2026-01-12 21:28:00,read,CNNTransformer,1,50,0.5367068588733673,0.040799397627646686,0.6249516487121582,0.026370592336041453,0.4059294819831848,0.08271147847313014,0.026929441094398498,0.053858882188796996
2026-01-12 21:30:47,read,CNNTransformer,114514,50,0.5484304010868073,0.050228104725177615,0.6401136040687561,0.029653288118900094,0.48705936670303346,0.12176065139063716,0.12149841240607202,0.0896335197034614
2026-01-12 21:31:11,read,CNNTransformer,0,50,0.5259424805641174,0.04240376071299892,0.6076385140419006,0.02194290660231117,0.44173731207847594,0.08839885664591439,0.0699436217546463,0.06106388499920438
2026-01-12 21:34:16,read,CNNTransformer,3407,50,0.5626785516738891,0.059626404164183175,0.6394017815589905,0.027845052501322878,0.5084787607192993,0.11668519407833927,0.13895727396011354,0.08280961933708228
2026-01-12 21:34:42,read,CNNTransformer,42,50,0.5350893676280976,0.07787970303071055,0.6300530672073364,0.03021889924841046,0.43472535610198976,0.13578526705904312,0.08554562479257584,0.07387516791361701
2026-01-12 21:46:17,read,FFCL,42,50,0.5720885813236236,0.06356566129649599,0.6488407015800476,0.023703208808044506,0.5289912819862366,0.11145947749838944,0.15124889531871305,0.08863981431572876
2026-01-12 21:46:41,read,FFCL,3407,50,0.5571831166744232,0.05261699815288891,0.6547421455383301,0.022355743776239424,0.49317145347595215,0.11454789333767242,0.12382737025618554,0.08941419269812637
2026-01-12 21:46:46,read,FFCL,114514,50,0.6037890911102295,0.019258456539569747,0.64823077917099,0.02801905866751146,0.5525696873664856,0.07477375666312529,0.1441888228058815,0.09933883781586655
2026-01-12 21:46:58,read,FFCL,0,50,0.5628113627433777,0.0620498653432611,0.6367307901382446,0.026429426155932002,0.5140869975090027,0.12230498034678199,0.1424413239583373,0.08585090649389379
2026-01-12 21:47:51,read,FFCL,1,50,0.5676348805427551,0.06873914712835419,0.6426913738250732,0.018768454368462636,0.526379543542862,0.11643602855673693,0.15869970805943012,0.08989272721022136
2026-01-12 21:54:56,read,STTransformer,114514,50,0.5423964381217956,0.05430088765451466,0.5722239971160888,0.04413018429693648,0.4560803949832916,0.11485821687429942,0.07351658046245575,0.06027670895982792
2026-01-12 21:55:38,read,STTransformer,1,50,0.5314032852649688,0.05628404284786715,0.5731712460517884,0.023110836792724933,0.46553789973258974,0.10995732560148029,0.08217514008283615,0.054053053394062814
2026-01-12 21:55:56,read,STTransformer,42,50,0.5669086813926697,0.015355439500929756,0.563218754529953,0.050972918006119076,0.5075409710407257,0.06754281073297652,0.0847356054931879,0.06747534635834297
2026-01-12 21:56:41,read,STTransformer,3407,50,0.5518943428993225,0.02932479070439973,0.5830289483070373,0.03118522473524208,0.49911906123161315,0.0779986562526799,0.08573829382658005,0.04719973675469291
2026-01-12 21:57:21,read,STTransformer,0,50,0.5379152715206146,0.04177546873258619,0.5902820467948914,0.002780889461705028,0.49863439202308657,0.10472963161653293,0.09391725361347199,0.05083228480503492
2026-01-12 22:08:08,read,BIOT,1,50,0.5714486837387085,0.0294871308021658,0.6433870315551757,0.017516056542978636,0.548534893989563,0.0394333185929722,0.15255314260721206,0.02912277180252218
2026-01-12 22:08:13,read,BIOT,114514,50,0.5696613430976868,0.07543431271083145,0.6381436944007873,0.0321640294263394,0.519937789440155,0.1360181328197583,0.1447757288115099,0.08130703331361956
2026-01-12 22:08:38,read,BIOT,42,50,0.5873388767242431,0.045086704623962616,0.6569835186004639,0.028231941752909363,0.545523589849472,0.06342833854878915,0.16466398388147355,0.07085968313272091
2026-01-12 22:08:46,read,BIOT,3407,50,0.5994417905807495,0.05026464748344121,0.6463833451271057,0.02729506820800086,0.5621788322925567,0.09565180561297389,0.18322149589657782,0.08389204477312365
2026-01-12 22:09:15,read,BIOT,0,50,0.5804112792015076,0.0064019719016656495,0.633902621269226,0.04296661237355837,0.5389002799987793,0.0422205169571065,0.11629256308078766,0.03122292948919248
2026-01-12 22:22:35,read_new,SPaRCNet,1,50,0.6117480993270874,0.02750905496055237,0.635144567489624,0.035302177226320106,0.6057823538780213,0.01834508483954942,0.18691835403442383,0.03969414508633784
2026-01-12 22:22:49,read_new,SPaRCNet,0,50,0.5889920115470886,0.024623203325108995,0.635266637802124,0.0180390059286376,0.5902309536933898,0.023915071287303104,0.17888008654117585,0.03808714454926023
2026-01-12 22:23:14,read_new,SPaRCNet,42,50,0.6132338881492615,0.02125498039833066,0.6441849112510681,0.02998706519226737,0.5998046636581421,0.019101130569457513,0.17927465736865997,0.05383087911408414
2026-01-12 22:24:08,read_new,SPaRCNet,3407,50,0.6249445676803589,0.031964370623060935,0.6435145616531373,0.042587976066647326,0.6089444518089294,0.03249181070831728,0.19639815986156464,0.055087499891261334
2026-01-12 22:27:53,read_new,SPaRCNet,114514,50,0.6010732173919677,0.012701822037471295,0.6441364645957947,0.018436113056688377,0.6024527549743652,0.010323180829535728,0.19660234451293945,0.01779290933785672
2026-01-12 22:33:19,read_new,ContraWR,1,50,0.5871800363063813,0.08832272215264658,0.6643448591232299,0.029694809261019424,0.5236543148756028,0.14509607571757444,0.15139248073101044,0.09933309816463035
2026-01-12 22:33:35,read_new,ContraWR,42,50,0.6030380010604859,0.04635436172255025,0.6697176694869995,0.034641474237402534,0.5873827457427978,0.040836535408440754,0.20013391077518464,0.029266711383856683
2026-01-12 22:35:16,read_new,ContraWR,114514,50,0.6479035019874573,0.040791027101671755,0.6777062535285949,0.03347130209887586,0.6418036341667175,0.03411152887524674,0.26690216958522794,0.062389481649333035
2026-01-12 22:35:22,read_new,ContraWR,0,50,0.5807440161705018,0.07695300060184383,0.6633018851280212,0.032764875185415925,0.5476758241653442,0.09397528703092621,0.17366585582494737,0.07193852716954942
2026-01-12 22:35:37,read_new,ContraWR,3407,50,0.6487871527671814,0.0410925401439516,0.6826815962791443,0.03901433726448275,0.645485234260559,0.035697665757851015,0.27510860562324524,0.05881620644307327
2026-01-12 22:48:59,read,SPaRCNet,114514,50,0.5788441896438599,0.0301511918284463,0.6133609771728515,0.022899762453239218,0.5733156800270081,0.03420333199390166,0.15784205198287965,0.03798030702714486
2026-01-12 22:50:06,read_new,CNNTransformer,42,50,0.5263746082782745,0.10848522404227198,0.5804131269454956,0.05968662555813484,0.4346044510602951,0.17233046551683917,0.07951507568359376,0.0677852725195836
2026-01-12 22:51:22,read,SPaRCNet,0,50,0.5714981496334076,0.04681209491599618,0.6222318291664124,0.025366874112773528,0.5586655139923096,0.07215068453779086,0.15877659246325493,0.057498619095932485
2026-01-12 22:51:40,read_new,CNNTransformer,0,50,0.5049566864967346,0.08775173913700146,0.6138547539710999,0.017295199472920228,0.3748464971780777,0.11950552989480986,0.021537396311759948,0.043074792623519896
2026-01-12 22:52:40,read,SPaRCNet,1,50,0.6044567108154297,0.024367253845555784,0.6332393765449524,0.023866311591881195,0.5924672245979309,0.024066011935208013,0.18584735691547394,0.03990032388050102
2026-01-12 22:52:58,read,SPaRCNet,3407,50,0.5991387605667114,0.018596304232641445,0.6269975662231445,0.02273054824341529,0.5950533390045166,0.02023218858764956,0.18532527089118958,0.040318631232362505
2026-01-12 22:53:20,read_new,CNNTransformer,1,50,0.5725645005702973,0.0957445605885762,0.6374447464942932,0.026796726700387713,0.5043904423713684,0.15729046642704594,0.13039248958230018,0.09462968228166066
2026-01-12 22:53:41,read_new,CNNTransformer,3407,50,0.5700957179069519,0.07634209417982918,0.6294030547142029,0.04049458810610905,0.43656723499298095,0.11049288912030077,0.030521502532064915,0.0588295361996317
2026-01-12 22:53:56,read_new,CNNTransformer,114514,50,0.5822983920574188,0.07052611188258028,0.6236270427703857,0.042446301176408026,0.4883003056049347,0.12588751677932214,0.08267675377428532,0.10202507589842776
2026-01-12 22:55:09,read,SPaRCNet,42,50,0.6052529573440552,0.028667130891557514,0.6245614886283875,0.0460260823413593,0.597143805027008,0.032971501246845454,0.1896281734108925,0.06584894006104106
2026-01-12 23:02:18,read,ContraWR,1,50,0.5982015430927277,0.062461155424526675,0.6714739561080932,0.021494462227891933,0.5718611657619477,0.07828521211256635,0.20229680091142654,0.09180529364665449
2026-01-12 23:02:57,read,ContraWR,42,50,0.6346659898757935,0.016152901475117856,0.6717727780342102,0.02100321727625627,0.6274266123771668,0.011495899784116559,0.25443307459354403,0.017647772701474298
2026-01-12 23:02:58,read,ContraWR,0,50,0.6026276469230651,0.01966976481374511,0.6669098973274231,0.03754345984211798,0.5724981307983399,0.045755430081630785,0.18370483070611954,0.06112898782383827
2026-01-12 23:03:09,read,ContraWR,114514,50,0.6361684560775757,0.029714877534163294,0.6761742115020752,0.034602991401226024,0.6356038212776184,0.029753239859915518,0.2674811452627182,0.05333107106997544
2026-01-12 23:03:17,read,ContraWR,3407,50,0.6174039125442505,0.04600625452707448,0.6818653702735901,0.014056280486466628,0.591062045097351,0.05764686095658209,0.21649278998374938,0.06261689322793494
2026-01-12 23:14:30,read,CNNTransformer,1,50,0.5349506855010986,0.06771102669866853,0.63217613697052,0.02886249988008275,0.4560022592544556,0.1416195445391432,0.09710787981748581,0.08364258388489458
2026-01-12 23:17:01,read,CNNTransformer,114514,50,0.5496854305267334,0.07547847396593142,0.6200750827789306,0.03004720297040396,0.4761428236961365,0.127445706813594,0.10101228579878807,0.08397003553061981
2026-01-12 23:17:18,read,CNNTransformer,3407,50,0.5661692142486572,0.054052664160530575,0.6027214169502259,0.05997700719515956,0.468475466966629,0.11051149081410869,0.08237756043672562,0.0936350607568601
2026-01-12 23:18:40,read,CNNTransformer,0,50,0.5190886795520783,0.060694925375675494,0.6100149035453797,0.020286645437381342,0.4054271101951599,0.11620393915142933,0.04529729199130088,0.056879821195812585
2026-01-12 23:20:52,read,CNNTransformer,42,50,0.5952651739120484,0.02132972981182075,0.6211158633232117,0.026859106054133424,0.5744649410247803,0.03947970846611203,0.1570413038134575,0.055282497349011576
2026-01-16 00:18:05,read,SPaRCNet,114514,50,0.5785463452339172,0.0309404826065597,0.6133198857307434,0.02314896257327605,0.5723911881446838,0.03603951134479312,0.15819012522697448,0.037609127960967714
2026-01-16 00:20:11,read,SPaRCNet,0,50,0.5709398090839386,0.04663936491655772,0.622138774394989,0.025299341517597895,0.5579133033752441,0.07237486455229938,0.15761529579758643,0.05710948947375965
2026-01-16 00:20:30,read,SPaRCNet,1,50,0.604491925239563,0.024504283327439834,0.6336315393447876,0.024185932005058114,0.5926266431808471,0.02471489824342558,0.18660832643508912,0.03992537359154305
2026-01-16 00:21:55,read,SPaRCNet,3407,50,0.6006696581840515,0.021180365285030606,0.6269886374473572,0.022861372980772083,0.5966255903244019,0.022495132272420768,0.18816251456737518,0.044571707644147515
2026-01-16 00:22:53,read,SPaRCNet,42,50,0.6029623866081237,0.02891302813279471,0.624301552772522,0.04600161254321717,0.5948471665382385,0.032954157237692176,0.1852443888783455,0.06610635966996137
2026-01-16 00:44:05,read,SPaRCNet,114514,50,0.5804128885269165,0.030085189906224837,0.6131755590438843,0.02289704001740872,0.5748988509178161,0.034239701850781505,0.16103715151548387,0.037796924848518376
2026-01-16 00:46:19,read,SPaRCNet,1,50,0.6033428192138672,0.024804729469435387,0.6333120226860046,0.023644097638170564,0.5908972263336182,0.023867815274915345,0.18351344764232635,0.03969921987740259
2026-01-16 00:46:34,read,SPaRCNet,0,50,0.5719784379005433,0.04722006022048504,0.6222519755363465,0.02539528056123141,0.5590878665447235,0.07275321477372453,0.16022182926535605,0.058055304187745814
2026-01-16 00:49:51,read,SPaRCNet,42,50,0.5975468873977661,0.013019728827569976,0.6303538680076599,0.014459141871534822,0.5844665050506592,0.027210943056042106,0.17824765890836716,0.03740117103245051
2026-01-16 00:50:20,read,SPaRCNet,3407,50,0.6093116044998169,0.019001321212215653,0.64696124792099,0.01906552138456849,0.6049001455307007,0.01640494328103781,0.21259634792804719,0.03760394269857143
2026-01-16 00:55:51,read,ContraWR,0,50,0.625864040851593,0.03336910967236149,0.6673583626747132,0.04024104305230917,0.6179374575614929,0.03251558925729917,0.2399693876504898,0.0564147043019648
2026-01-16 00:56:50,read,ContraWR,42,50,0.6079088926315308,0.031922045656335205,0.6704033493995667,0.02232174472737896,0.6008036494255066,0.03268254103602861,0.22529823780059816,0.04408344807544452
2026-01-16 00:56:55,read,ContraWR,1,50,0.6243004083633423,0.020483694604366963,0.6790725469589234,0.012386634539132038,0.6036522865295411,0.01801657648208144,0.22821250855922698,0.028802797730242597
2026-01-16 00:57:08,read,ContraWR,3407,50,0.6301547884941101,0.018830242131500415,0.6777676463127136,0.01659961464189552,0.6146849513053894,0.023479626253620656,0.24449337422847747,0.02850928609407618
2026-01-16 00:57:08,read,ContraWR,114514,50,0.6355551481246948,0.037792658574097554,0.6799198031425476,0.03777906160570836,0.6151230692863464,0.05080506622460303,0.24202849268913268,0.07291002834526139
2026-01-16 01:10:38,read,CNNTransformer,1,50,0.5414956688880921,0.0736642982487017,0.6345664024353027,0.029637398692372623,0.43822718858718873,0.13389591470233522,0.0892965778708458,0.08180319687623455
2026-01-16 01:12:00,read,CNNTransformer,0,50,0.539874541759491,0.05581157171384313,0.6253626823425293,0.021902158291825437,0.4461633563041687,0.11840406006636259,0.07409343868494034,0.07157302395055272
2026-01-16 01:12:56,read,CNNTransformer,42,50,0.5731443285942077,0.03313200580891787,0.628277313709259,0.03791803969599803,0.520680969953537,0.04765564028327884,0.1215978056192398,0.033908655700143044
2026-01-16 01:14:38,read,CNNTransformer,3407,50,0.5934446454048157,0.03110539764247539,0.6220606088638305,0.024305420477930606,0.5472650766372681,0.08471209177534997,0.14526020959019662,0.07388438864971214
2026-01-16 01:17:51,read,CNNTransformer,114514,50,0.6116967082023621,0.02113849250212009,0.6459934830665588,0.024494958211465835,0.5975998640060425,0.021697054883242146,0.19033759832382202,0.04372012742480756
2026-01-16 01:29:34,read,FFCL,0,50,0.5539246797561646,0.02752979182634276,0.6380482673645019,0.0353084381748075,0.5122416019439697,0.07752074390259032,0.11257340162992477,0.06467721098714678
2026-01-16 01:29:43,read,FFCL,42,50,0.5760465681552887,0.04978170791645904,0.6472227334976196,0.024417456221999197,0.5016344964504242,0.09815664881380338,0.11420106599107385,0.10263348139324664
2026-01-16 01:30:03,read,FFCL,3407,50,0.56425461769104,0.05354532046614517,0.6529173135757447,0.016740585355890344,0.5114009976387024,0.07824064990224464,0.13214595839381219,0.05273396597504104
2026-01-16 01:30:04,read,FFCL,114514,50,0.5905338048934936,0.04633167157871772,0.6451274275779724,0.0249203421772539,0.5519275486469268,0.08039384526878626,0.15678971335291864,0.09577043499055861
2026-01-16 01:31:06,read,FFCL,1,50,0.5629645705223083,0.05597112820877996,0.6409519910812378,0.021995249185622588,0.5123585045337677,0.11313101260997108,0.12899133935570717,0.09485146178690815
2026-01-16 01:37:37,read,STTransformer,114514,50,0.5416314005851746,0.05337205167151472,0.5722783029079437,0.044113431097882745,0.45368546843528745,0.11325816094536374,0.07123703807592392,0.05899551636559407
2026-01-16 01:38:13,read,STTransformer,1,50,0.531079250574112,0.05604087224504301,0.5730787873268127,0.0230634911712469,0.4652771294116974,0.10962052696179862,0.0812182679772377,0.05318991308142301
2026-01-16 01:38:27,read,STTransformer,42,50,0.5662498950958252,0.015384934283088814,0.5631598055362701,0.05095416151387299,0.5061664164066315,0.06729446999058716,0.08305539563298225,0.06676927507479502
2026-01-16 01:39:36,read,STTransformer,3407,50,0.5497765064239502,0.031242699054295817,0.5828534007072449,0.03102955258742822,0.49472507238388064,0.08048231980926113,0.08114784955978394,0.04675837873131196
2026-01-16 01:40:12,read,STTransformer,0,50,0.5384685814380645,0.04169168441994771,0.5895102500915528,0.002649647977909975,0.49926279187202455,0.10493338391911726,0.09480483531951904,0.051155258805932455
2026-01-16 01:46:03,read,BIOT,42,50,0.5873388767242431,0.045086704623962616,0.6569835186004639,0.028231941752909363,0.545523589849472,0.06342833854878915,0.16466398388147355,0.07085968313272091
2026-01-16 01:46:04,read,BIOT,3407,50,0.5994417905807495,0.05026464748344121,0.6463833451271057,0.02729506820800086,0.5621788322925567,0.09565180561297389,0.18322149589657782,0.08389204477312365
2026-01-16 01:57:28,read_new,SPaRCNet,0,50,0.5895125269889832,0.02437246381429161,0.6352282524108886,0.01793412978654119,0.5908298373222352,0.023555052676383418,0.18027277886867524,0.038420789429663024
2026-01-16 01:58:22,read_new,SPaRCNet,1,50,0.6112252831459045,0.02800275885292413,0.6352457880973816,0.035294807246828604,0.6053834438323975,0.01914651294766649,0.18573397994041443,0.04104286754187721
2026-01-16 01:59:07,read_new,SPaRCNet,42,50,0.6081199526786805,0.020029259830377788,0.6414580941200256,0.028208983028514933,0.6039247393608094,0.023305012748946058,0.1919521927833557,0.0446186888747246
2026-01-16 01:59:25,read_new,SPaRCNet,3407,50,0.6244995713233947,0.032533301301498604,0.6433019399642944,0.04244755043727989,0.6087999463081359,0.03315920783384715,0.1957135647535324,0.05607577532443015
2026-01-16 02:01:04,read_new,SPaRCNet,114514,50,0.6261817455291748,0.030311337026612806,0.65318443775177,0.04936647131894698,0.6219647645950317,0.027769106657066604,0.22026253640651702,0.06828978237128905
2026-01-16 02:07:16,read_new,ContraWR,0,50,0.6271787405014038,0.045676974505603034,0.6723283410072327,0.03048160863438606,0.612506628036499,0.05196521550243957,0.2238933801651001,0.07032944376806995
2026-01-16 02:07:17,read_new,ContraWR,3407,50,0.6434614300727844,0.0425565517229045,0.6741277694702148,0.04751966372609462,0.6377310991287232,0.04080711927301087,0.2538314700126648,0.07550189567495227
2026-01-16 02:07:41,read_new,ContraWR,42,50,0.6342245459556579,0.029357226004702777,0.6713951587677002,0.03241929898738756,0.6192971348762513,0.02874803890033352,0.23082674741744996,0.046891625176923316
2026-01-16 02:08:01,read_new,ContraWR,1,50,0.6437970399856567,0.02776936561483977,0.6679012894630432,0.02652072875293277,0.6396270632743836,0.020230480291471203,0.2541407853364944,0.03663699867683049
2026-01-16 02:08:50,read_new,ContraWR,114514,50,0.6290079951286316,0.0523924903253641,0.6769161105155945,0.027610388375064486,0.5986002326011658,0.063524607140366,0.2061661034822464,0.08339551416646254
2026-01-16 02:20:43,read_new,CNNTransformer,114514,50,0.5423346936702729,0.09806588116460606,0.612806212902069,0.0640830456811309,0.4341097503900528,0.15434894894955067,0.06874736845493316,0.085124267062323
2026-01-16 02:23:43,read_new,CNNTransformer,1,50,0.523399144411087,0.09342148364723106,0.6069230556488037,0.05410517223150183,0.44848141372203826,0.1688864328005619,0.11083597540855408,0.10141530353465153
2026-01-16 02:24:54,read_new,CNNTransformer,3407,50,0.49537214636802673,0.10730960742363664,0.6079449653625488,0.039999966615213364,0.3679600864648819,0.16485416629110958,0.050454186648130415,0.08045877132135945
2026-01-16 02:25:57,read_new,CNNTransformer,42,50,0.475996994972229,0.09997249028709475,0.6297897934913635,0.036923675823099834,0.3720867186784744,0.17447979296104252,0.06796521991491318,0.1071270658680615
2026-01-16 02:29:09,read_new,CNNTransformer,0,50,0.48028081059455874,0.08005723317441316,0.6301291584968567,0.05178821090830836,0.38253789842128755,0.12629917034036184,0.0573226822540164,0.050521579971014315
2026-01-16 02:38:19,read_new,FFCL,1,50,0.5969931006431579,0.022120575671688368,0.6402328610420227,0.02123192517916805,0.45494912266731263,0.03025586995822444,0.00898836418054998,0.011906915103278798
2026-01-16 02:38:46,read_new,FFCL,42,50,0.6127554535865783,0.025246987228214782,0.6444807410240173,0.0209603712893054,0.5150769948959351,0.06960292687829836,0.0766318669426255,0.07977770390382612
2026-01-16 02:39:03,read_new,FFCL,114514,50,0.5911572694778442,0.02908489622269742,0.6514599323272705,0.04021363164305834,0.5028499841690064,0.07618362863506013,0.0733346115797758,0.06661486006913887
2026-01-16 02:39:06,read_new,FFCL,0,50,0.5386630415916442,0.07163405191558317,0.638557231426239,0.026279561105007274,0.4542887628078461,0.07310416829198182,0.05577616775408387,0.052496665391284586
2026-01-16 02:39:29,read_new,FFCL,3407,50,0.5720633447170258,0.09777371864807011,0.6555938243865966,0.031526179613679456,0.5208907127380371,0.1434696243315026,0.15611542724072933,0.09741735259272363
2026-01-16 02:44:17,read_new,STTransformer,42,50,0.5492861568927765,0.072291814744267,0.524682080745697,0.022679096312293458,0.42488420009613037,0.10763960750607933,0.01928901523351669,0.03857803046703338
2026-01-16 02:45:39,read_new,STTransformer,1,50,0.5656165361404419,0.06694669785379088,0.5543674111366272,0.0309390926331673,0.4695175111293793,0.10948040329532817,0.05493384450674057,0.059166584366187686
2026-01-16 02:48:16,read_new,STTransformer,114514,50,0.5562435567378998,0.061647090471288545,0.5592259049415589,0.0390998457680694,0.4713735580444336,0.09842937557953468,0.04572291904187296,0.04276379429833825
2026-01-16 02:48:19,read_new,STTransformer,0,50,0.5165740251541138,0.049762910311352,0.5799956679344177,0.03807462608154156,0.4887188196182251,0.07487435798347454,0.07139212191104889,0.03492258242957656
2026-01-16 02:51:26,read_new,STTransformer,3407,50,0.5250574052333832,0.05311572292425874,0.5742425322532654,0.030316561478011556,0.46727560758590697,0.07353286892520833,0.07377784922719002,0.05393339420900055
2026-01-16 02:58:15,read_new,BIOT,42,50,0.6412898659706116,0.0105993628503568,0.6583253502845764,0.02620190498812045,0.6065682291984558,0.023716135670762063,0.19425218254327775,0.05990255136149753
2026-01-16 02:58:36,read_new,BIOT,1,50,0.6176958203315734,0.041211930456038985,0.6567476511001586,0.025127129039935133,0.5975740075111389,0.03679408930446413,0.1947891116142273,0.044922761437287
2026-01-16 02:58:46,read_new,BIOT,3407,50,0.538023954629898,0.0917276256472958,0.6598109602928162,0.03026888217316939,0.47100327610969545,0.135452752908517,0.11821737885475159,0.07407000282581887
2026-01-16 03:10:47,type,SPaRCNet,3407,50,0.6469043135643006,0.013657182974759628,0.6655245661735535,0.028054210590034843,0.6284195780754089,0.03378940341429619,0.19925758242607117,0.06096516340654457
2026-01-16 03:11:22,type,SPaRCNet,1,50,0.633684766292572,0.029116728035415877,0.673192834854126,0.0359842429234619,0.6222445249557496,0.011129972871099231,0.21306733787059784,0.03998117261184092
2026-01-16 03:11:53,type,SPaRCNet,0,50,0.6647606730461121,0.01689567324057951,0.6670939326286316,0.014929974904424357,0.6515737056732178,0.02006367779751845,0.2295985698699951,0.04508016897546369
2026-01-16 03:12:23,type,SPaRCNet,42,50,0.6375317335128784,0.03880958246022829,0.6695561170578003,0.012443608518121783,0.6305557250976562,0.032234556278713515,0.22594285607337952,0.0072847297266175354
2026-01-16 03:12:39,type,SPaRCNet,114514,50,0.6359040021896363,0.033501949133644855,0.6570643544197082,0.019918621134860225,0.6293397784233093,0.029384552892605918,0.21335180699825287,0.041774004169336985
2026-01-16 03:17:17,type,ContraWR,1,50,0.6224024653434753,0.042840222637139345,0.6670288920402527,0.021757440103610644,0.6200568914413452,0.04186319262919761,0.20951188504695892,0.03689747156870653
2026-01-16 03:17:40,type,ContraWR,3407,50,0.6666147351264954,0.04371034281999011,0.6740132808685303,0.029739963921520264,0.6467077493667602,0.028918263795789646,0.22103776633739472,0.040176471996826266
2026-01-16 03:18:09,type,ContraWR,114514,50,0.568411523103714,0.06275688437662877,0.6649877667427063,0.026175003190384724,0.5636634528636932,0.07197365270858785,0.18217479735612868,0.05705509139868972
2026-01-16 03:18:13,type,ContraWR,0,50,0.5955890774726867,0.08078422261913758,0.6618034482002259,0.022137387896767228,0.5895337522029876,0.08737376720588402,0.1959526002407074,0.067026758205548
2026-01-16 03:19:21,type,ContraWR,42,50,0.6449462294578552,0.06549310721444147,0.6821691751480102,0.02310623967499302,0.6189443945884705,0.053647527258139094,0.21280202269554138,0.030441414506746436
2026-01-16 03:29:13,type,CNNTransformer,42,50,0.5333664238452911,0.13149165161873785,0.6015676617622375,0.029691148580322877,0.42694719433784484,0.18361451087766223,0.0513374075293541,0.07009321813156934
2026-01-16 03:29:54,type,CNNTransformer,114514,50,0.5897172033786774,0.09594839953215753,0.5845945954322815,0.028382209247900088,0.49276487827301024,0.07920804682390169,0.02608126401901245,0.03951958323678769
2026-01-16 03:30:37,type,CNNTransformer,0,50,0.5143748581409454,0.13999474021312952,0.59431072473526,0.0057789006896277525,0.3988967537879944,0.18064766203470994,0.039547933544963595,0.05173435015000491
2026-01-16 03:31:40,type,CNNTransformer,1,50,0.6372337102890014,0.025555606050723715,0.5851555585861206,0.02866983698005226,0.5490219831466675,0.05613096989391129,0.05787041275762021,0.07517969245035226
2026-01-16 03:33:02,type,CNNTransformer,3407,50,0.5427442610263824,0.11304456056420024,0.6189640283584594,0.027644833306998837,0.4477422058582306,0.13551409157981825,0.04054154083132744,0.055639274552150224
2026-01-16 03:46:40,type,FFCL,0,50,0.644546639919281,0.027555940411178398,0.6454877495765686,0.03197261489919796,0.6137793302536011,0.06616506621692325,0.18304710686206818,0.10132694673448911
2026-01-16 03:47:16,type,FFCL,114514,50,0.6344790577888488,0.05325407715000871,0.6498681306838989,0.016760323764607343,0.6230728149414062,0.044836367045291925,0.19827426671981813,0.03803959949708305
2026-01-16 03:47:33,type,FFCL,42,50,0.5949203252792359,0.10966147946403097,0.6574031233787536,0.025796651087498793,0.557554829120636,0.17397729288834343,0.1831098824739456,0.09282519140477367
2026-01-16 03:47:37,type,FFCL,1,50,0.6392441272735596,0.023353388334088145,0.6506645798683166,0.010995605447157037,0.6339747071266174,0.016586801149194218,0.2013801246881485,0.024712820694847322
2026-01-16 03:48:17,type,FFCL,3407,50,0.6152777314186096,0.01920311604392084,0.6475190043449401,0.019708775426649505,0.6140963435173035,0.020197705115611652,0.19035708904266357,0.023753366182194365
2026-01-16 03:52:44,type,STTransformer,114514,50,0.5667063891887665,0.11158060395795841,0.5516807913780213,0.033684369906241116,0.4443218380212784,0.11631494129547375,0.018599313497543336,0.03719862699508668
2026-01-16 03:52:44,type,STTransformer,3407,50,0.6237163662910461,0.03754391354986399,0.5292161881923676,0.03846712331312828,0.5129628241062164,0.04568453487466223,0.0207882285118103,0.0415764570236206
2026-01-16 03:52:58,type,STTransformer,0,50,0.4971100211143494,0.13306570688728817,0.5412535488605499,0.025357555375117406,0.3749996542930603,0.1650131556107793,0.017308957397472114,0.03504032720293793
2026-01-16 03:54:23,type,STTransformer,1,50,0.5240582525730133,0.09799192145612885,0.5426995933055878,0.03696610963747932,0.4492707014083862,0.12856658986553485,0.034447564370930196,0.049709160861594326
2026-01-16 03:54:42,type,STTransformer,42,50,0.49491932392120364,0.11557355340830873,0.5532580375671386,0.053224255087453494,0.41573403775691986,0.1884259939054907,0.06716229583835229,0.06863327769834748
2026-01-16 03:59:22,type,BIOT,42,50,0.6258956551551819,0.1211959477815391,0.6723710894584656,0.029138572972907874,0.5469968378543854,0.1649188077456764,0.15120198307558894,0.081354557209946
2026-01-16 03:59:24,type,BIOT,1,50,0.6255467534065247,0.042693460671798134,0.6629965901374817,0.01868780934407766,0.5633704602718353,0.05664411705498637,0.1197668056935072,0.08499702968746811
2026-01-16 03:59:31,type,BIOT,3407,50,0.6127888798713684,0.059895882954384645,0.6761347413063049,0.03001609086871797,0.5761723935604095,0.067102454831249,0.15411143898963928,0.08908512803205042
2026-01-16 04:13:31,type_new,SPaRCNet,1,50,0.6813403248786927,0.03040169491084562,0.6657595753669738,0.027255763502241712,0.6667341828346253,0.026000247607430593,0.2102786496281624,0.04845904080208681
2026-01-16 04:13:57,type_new,SPaRCNet,42,50,0.6505541324615478,0.05609858447595732,0.659795081615448,0.02072460818691262,0.6466619610786438,0.04782856493064869,0.20416541695594786,0.058887006271909244
2026-01-16 04:14:27,type_new,SPaRCNet,3407,50,0.6532078862190247,0.05534833837239931,0.6643053770065308,0.019229011756286375,0.6466394901275635,0.03343197023023478,0.2077392131090164,0.03255345211451814
2026-01-16 04:14:45,type_new,SPaRCNet,114514,50,0.6401585817337037,0.08580875901625591,0.6635507225990296,0.021687547684374715,0.615121579170227,0.06422386474074793,0.163786481320858,0.04850613695134703
2026-01-16 04:15:50,type_new,SPaRCNet,0,50,0.6805262804031372,0.036631479635237475,0.6565669298171997,0.02278603474657112,0.6623002529144287,0.03020284887440663,0.20473812222480775,0.056762821966052424
2026-01-16 04:20:32,type_new,ContraWR,3407,50,0.7044220566749573,0.03490836673986116,0.6774097561836243,0.024105635410773534,0.6317521929740906,0.04942225382781974,0.1218639075756073,0.05825954011652112
2026-01-16 04:21:49,type_new,ContraWR,1,50,0.7015188932418823,0.02662737305746043,0.6861885786056519,0.032316410455039545,0.6776862740516663,0.022629279801400524,0.22113549411296846,0.03903697012297306
2026-01-16 04:22:16,type_new,ContraWR,42,50,0.7028778553009033,0.029322033028226283,0.6759263396263122,0.02793855559835071,0.6413408517837524,0.04627002549510775,0.1444785814732313,0.06656034884342885
2026-01-16 04:22:20,type_new,ContraWR,114514,50,0.6453001141548157,0.05541764195221741,0.6853363871574402,0.03160163506557048,0.6534576773643493,0.04916071095214539,0.24682777225971222,0.061011659517567284
2026-01-16 04:22:51,type_new,ContraWR,0,50,0.6918271064758301,0.046788829409848305,0.6839678168296814,0.02932403969069291,0.6656316518783569,0.03836107993070203,0.20816831886768342,0.055424930054385806
2026-01-16 04:30:41,type_new,CNNTransformer,3407,50,0.6839444994926452,0.027971725939399603,0.6205260634422303,0.026775969531213865,0.5834015011787415,0.05113768917595623,0.040831568837165835,0.08166313767433167
2026-01-16 04:34:17,type_new,CNNTransformer,114514,50,0.6406727731227875,0.08216479448128453,0.6187801957130432,0.025584955069077986,0.5922427773475647,0.06457608957015556,0.09804241359233856,0.077669638207247
2026-01-16 04:35:31,type_new,CNNTransformer,42,50,0.5667540848255157,0.105787179150846,0.6127035617828369,0.025972517836322397,0.5431686341762543,0.15271869150044504,0.11162504442036152,0.061292625359797945
2026-01-16 04:35:37,type_new,CNNTransformer,1,50,0.5778841435909271,0.142407189254932,0.6283039093017578,0.03954993203563918,0.5010355889797211,0.1795369857611776,0.06594665050506592,0.08084541187387964
2026-01-16 04:37:07,type_new,CNNTransformer,0,50,0.6698226690292358,0.04173158667938912,0.6412641882896424,0.03838051636601687,0.6490626811981202,0.03228519801735669,0.16942434310913085,0.04976905573337535
2026-01-16 04:46:16,type_new,FFCL,42,50,0.6762020587921143,0.031440315341132445,0.6332306385040283,0.030080591000262533,0.6148781180381775,0.05946326432114635,0.10530928336083889,0.08394362172263409
2026-01-16 04:47:11,type_new,FFCL,1,50,0.6885278940200805,0.025135963607640158,0.6145825862884522,0.03118944798349117,0.5990784168243408,0.02390337998670419,0.0546455442905426,0.0720705495865065
2026-01-16 04:49:15,type_new,FFCL,0,50,0.6861506819725036,0.02824225939121795,0.6495275616645813,0.016043901712057974,0.6173086404800415,0.029702418387280407,0.08694461584091187,0.07247732701761532
2026-01-16 04:49:23,type_new,FFCL,3407,50,0.6693639993667603,0.03311811774242351,0.6532707333564758,0.031419380320013776,0.6392260909080505,0.04942071007031013,0.16191651225090026,0.07262815923887064
2026-01-16 04:51:27,type_new,FFCL,114514,50,0.6401906728744506,0.08841297225500264,0.6407578349113464,0.03134660854485153,0.6031229853630066,0.07180048204218191,0.13666339665651323,0.06419018799889106
2026-01-16 04:58:43,type_new,STTransformer,0,50,0.5870884656906128,0.15529630651295678,0.5741787910461426,0.03988366589268117,0.4958075225353241,0.18491048134406693,0.04470445541664958,0.05293930347065413
2026-01-16 04:58:49,type_new,STTransformer,3407,50,0.5801045775413514,0.145117269291778,0.5855419158935546,0.03567512692410597,0.5288456618785858,0.18864282160648957,0.0965416312799789,0.06117212016480853
2026-01-16 04:59:16,type_new,STTransformer,1,50,0.6724119424819947,0.04460381889155314,0.5905205845832825,0.02068430128287499,0.6097654938697815,0.018844710094844907,0.07732780128717423,0.04225459702090442
2026-01-16 04:59:37,type_new,STTransformer,42,50,0.6203838288784027,0.0859796846371617,0.5925248384475708,0.022904171264790354,0.5701354146003723,0.08267035415043092,0.07581350579857826,0.06100483479859662
2026-01-16 04:59:45,type_new,STTransformer,114514,50,0.6513954401016235,0.08862135474250774,0.6093409776687622,0.021537242857109017,0.5822969913482666,0.05501556480357134,0.07779037803411484,0.04930895458074552
2026-01-16 05:04:37,type_new,BIOT,0,50,0.6844454526901245,0.05334372352264503,0.6777016282081604,0.02599756905941394,0.664030134677887,0.04456564453100156,0.21508592069149018,0.056571205828689075
2026-01-16 05:04:39,type_new,BIOT,1,50,0.6100069880485535,0.04988145254539013,0.6863739132881165,0.01463668775900129,0.6181275963783264,0.05483340775813253,0.22138188481330873,0.03206314272251907
2026-01-16 05:04:54,type_new,BIOT,114514,50,0.6697283625602722,0.05094925093633937,0.6749769687652588,0.02507338498091425,0.659121286869049,0.042128065907667926,0.22664847373962402,0.07395441612809162
2026-01-16 09:28:40,read,BIOT,1,50,0.5714486837387085,0.0294871308021658,0.6433870315551757,0.017516056542978636,0.548534893989563,0.0394333185929722,0.15255314260721206,0.02912277180252218
2026-01-16 09:28:42,read,BIOT,114514,50,0.5696613430976868,0.07543431271083145,0.6381436944007873,0.0321640294263394,0.519937789440155,0.1360181328197583,0.1447757288115099,0.08130703331361956
2026-01-16 09:28:51,read,BIOT,42,50,0.5873388767242431,0.045086704623962616,0.6569835186004639,0.028231941752909363,0.545523589849472,0.06342833854878915,0.16466398388147355,0.07085968313272091
2026-01-16 09:28:56,read,BIOT,3407,50,0.5994417905807495,0.05026464748344121,0.6463833451271057,0.02729506820800086,0.5621788322925567,0.09565180561297389,0.18322149589657782,0.08389204477312365
2026-01-16 09:29:26,read,BIOT,0,50,0.5804112792015076,0.0064019719016656495,0.633902621269226,0.04296661237355837,0.5389002799987793,0.0422205169571065,0.11629256308078766,0.03122292948919248
2026-01-16 09:39:53,read_new,BIOT,0,50,0.5949500858783722,0.08156200467516314,0.6706808686256409,0.03381589754395878,0.5314135909080505,0.0980383809437239,0.13962278068065642,0.06719703645602117
2026-01-16 09:40:00,read_new,BIOT,42,50,0.6412898659706116,0.0105993628503568,0.6583253502845764,0.02620190498812045,0.6065682291984558,0.023716135670762063,0.19425218254327775,0.05990255136149753
2026-01-16 09:40:26,read_new,BIOT,1,50,0.6176958203315734,0.041211930456038985,0.6567476511001586,0.025127129039935133,0.5975740075111389,0.03679408930446413,0.1947891116142273,0.044922761437287
2026-01-16 09:40:33,read_new,BIOT,114514,50,0.6173727989196778,0.028485438115045843,0.6705102920532227,0.041415580617657634,0.6002424955368042,0.03933864048025561,0.20515610426664352,0.05570140508815677
2026-01-16 09:40:34,read_new,BIOT,3407,50,0.538023954629898,0.0917276256472958,0.6598109602928162,0.03026888217316939,0.47100327610969545,0.135452752908517,0.11821737885475159,0.07407000282581887
2026-01-16 09:47:46,type,BIOT,1,50,0.6255467534065247,0.042693460671798134,0.6629965901374817,0.01868780934407766,0.5633704602718353,0.05664411705498637,0.1197668056935072,0.08499702968746811
2026-01-16 09:47:50,type,BIOT,42,50,0.6258956551551819,0.1211959477815391,0.6723710894584656,0.029138572972907874,0.5469968378543854,0.1649188077456764,0.15120198307558894,0.081354557209946
2026-01-16 09:47:56,type,BIOT,3407,50,0.6127888798713684,0.059895882954384645,0.6761347413063049,0.03001609086871797,0.5761723935604095,0.067102454831249,0.15411143898963928,0.08908512803205042
2026-01-16 09:47:58,type,BIOT,114514,50,0.620733630657196,0.05558313105451461,0.6617830991744995,0.02353262876368979,0.6189120471477508,0.0658185372332235,0.21991974115371704,0.050406769826298575
2026-01-16 09:48:10,type,BIOT,0,50,0.6243517875671387,0.055267607019470345,0.6732126712799072,0.009920512507120486,0.5982122421264648,0.043188426389648704,0.17722288370132447,0.07019400754604452
2026-01-16 09:55:39,type_new,BIOT,0,50,0.6844454526901245,0.05334372352264503,0.6777016282081604,0.02599756905941394,0.664030134677887,0.04456564453100156,0.21508592069149018,0.056571205828689075
2026-01-16 09:55:46,type_new,BIOT,1,50,0.6100069880485535,0.04988145254539013,0.6863739132881165,0.01463668775900129,0.6181275963783264,0.05483340775813253,0.22138188481330873,0.03206314272251907
2026-01-16 09:56:06,type_new,BIOT,114514,50,0.6697283625602722,0.05094925093633937,0.6749769687652588,0.02507338498091425,0.659121286869049,0.042128065907667926,0.22664847373962402,0.07395441612809162
2026-01-16 09:56:24,type_new,BIOT,3407,50,0.6859638690948486,0.0365818780569007,0.6742038726806641,0.02995448463804878,0.6635398626327514,0.03683584929677848,0.21094529330730438,0.05096167667528585
2026-01-16 09:56:47,type_new,BIOT,42,50,0.645935720205307,0.08259927592790416,0.6631933808326721,0.024606918667928347,0.632270872592926,0.07582503480374318,0.1959746077656746,0.06342450035911774
